cluster,grid_id,low_afternoon,medium_afternoon,high_afternoon,high,low,medium,p,segregation_afternoon,h,x
0,11888,0.5278097090273806,0.2702957161265828,0.20189457484603657,0.5,0.3,0.2,"[0.5, 0.3, 0.2]",0.19999999999999998,segregation_afternoon,0.19999999999999998
0,12227,0.49932326227493656,0.33647010994179033,0.16420662778327316,0.5,0.3,0.2,"[0.5, 0.3, 0.2]",0.19999999999999998,segregation_afternoon,0.19999999999999998
0,12400,0.42520248956256096,0.4343607875063701,0.1404367229310689,0.4,0.4,0.1,"[0.4, 0.4, 0.1]",0.22222222222222227,segregation_afternoon,0.22222222222222227
0,13085,0.6715606714852527,0.27842779634951287,0.05001153216523458,0.7,0.3,0.1,"[0.7, 0.3, 0.1]",0.3636363636363636,segregation_afternoon,0.3636363636363636
0,13255,0.5381863556828396,0.26684212126432466,0.1949715230528357,0.5,0.3,0.2,"[0.5, 0.3, 0.2]",0.19999999999999998,segregation_afternoon,0.19999999999999998
0,13431,0.740925978864342,0.1823724601263758,0.07670156100928212,0.7,0.2,0.1,"[0.7, 0.2, 0.1]",0.39999999999999997,segregation_afternoon,0.39999999999999997
0,13590,0.540653447591381,0.19744668018804112,0.26189987222057787,0.5,0.2,0.3,"[0.5, 0.2, 0.3]",0.19999999999999998,segregation_afternoon,0.19999999999999998
0,13598,0.5876524460424721,0.17194527519503092,0.240402278762497,0.6,0.2,0.2,"[0.6, 0.2, 0.2]",0.26666666666666666,segregation_afternoon,0.26666666666666666
1,13599,0.5237813302361569,0.2694878342332954,0.2067308355305477,0.5,0.3,0.2,"[0.5, 0.3, 0.2]",0.19999999999999998,segregation_afternoon,0.19999999999999998
1,13602,0.6314619005479687,0.20756776771246105,0.16097033173957023,0.6,0.2,0.2,"[0.6, 0.2, 0.2]",0.26666666666666666,segregation_afternoon,0.26666666666666666
0,13608,0.49939532304752177,0.2783740818380297,0.22223059511444856,0.5,0.3,0.2,"[0.5, 0.3, 0.2]",0.19999999999999998,segregation_afternoon,0.19999999999999998
0,13765,0.45497296268455156,0.32107719616249925,0.2239498411529492,0.5,0.3,0.2,"[0.5, 0.3, 0.2]",0.19999999999999998,segregation_afternoon,0.19999999999999998
0,13766,0.6497177431722321,0.2113611897792491,0.1389210670485188,0.6,0.2,0.1,"[0.6, 0.2, 0.1]",0.37037037037037035,segregation_afternoon,0.37037037037037035
1,13769,0.23821820564647553,0.1540697977032653,0.6077119966502593,0.2,0.2,0.6,"[0.2, 0.2, 0.6]",0.26666666666666666,segregation_afternoon,0.26666666666666666
1,13770,0.46044525599874764,0.35983881497972986,0.1797159290215225,0.5,0.4,0.2,"[0.5, 0.4, 0.2]",0.1818181818181818,segregation_afternoon,0.1818181818181818
1,13772,0.5590154466638605,0.36891822882203995,0.07206632451409961,0.6,0.4,0.1,"[0.6, 0.4, 0.1]",0.303030303030303,segregation_afternoon,0.303030303030303
0,13773,0.5335781289807655,0.3074007090713401,0.15902116194789445,0.5,0.3,0.2,"[0.5, 0.3, 0.2]",0.19999999999999998,segregation_afternoon,0.19999999999999998
1,13775,0.5951653318815646,0.3390256512231374,0.06580901689529799,0.6,0.3,0.1,"[0.6, 0.3, 0.1]",0.3333333333333333,segregation_afternoon,0.3333333333333333
1,13776,0.747873487980384,0.21304492870675218,0.039081583312863814,0.7,0.2,0.0,"[0.7, 0.2, 0.0]",0.5185185185185185,segregation_afternoon,0.5185185185185185
0,13777,0.6422279393903657,0.2436885452799188,0.11408351532971563,0.6,0.2,0.1,"[0.6, 0.2, 0.1]",0.37037037037037035,segregation_afternoon,0.37037037037037035
0,13778,0.6018115585965466,0.22686270838829595,0.1713257330151575,0.6,0.2,0.2,"[0.6, 0.2, 0.2]",0.26666666666666666,segregation_afternoon,0.26666666666666666
0,13779,0.652305032077579,0.14989010695151478,0.19780486097090624,0.7,0.1,0.2,"[0.7, 0.1, 0.2]",0.39999999999999997,segregation_afternoon,0.39999999999999997
0,13931,0.7184561116879408,0.24564689497427108,0.035896993337788154,0.7,0.2,0.0,"[0.7, 0.2, 0.0]",0.5185185185185185,segregation_afternoon,0.5185185185185185
0,13934,0.5627677605395474,0.3234179400501048,0.11381429941034785,0.6,0.3,0.1,"[0.6, 0.3, 0.1]",0.3333333333333333,segregation_afternoon,0.3333333333333333
0,13936,0.5975776191833332,0.3020265262557333,0.10039585456093357,0.6,0.3,0.1,"[0.6, 0.3, 0.1]",0.3333333333333333,segregation_afternoon,0.3333333333333333
0,13937,0.6365374556148857,0.2434973989433821,0.11996514544173208,0.6,0.2,0.1,"[0.6, 0.2, 0.1]",0.37037037037037035,segregation_afternoon,0.37037037037037035
0,13938,0.5344081242285527,0.20565636171901006,0.2599355140524372,0.5,0.2,0.3,"[0.5, 0.2, 0.3]",0.19999999999999998,segregation_afternoon,0.19999999999999998
0,13940,0.4335360568411842,0.34513290744851527,0.22133103571030066,0.4,0.3,0.2,"[0.4, 0.3, 0.2]",0.14814814814814817,segregation_afternoon,0.14814814814814817
1,13941,0.28691224271980936,0.32985132980051035,0.38323642747968034,0.3,0.3,0.4,"[0.3, 0.3, 0.4]",0.0666666666666667,segregation_afternoon,0.0666666666666667
0,13942,0.40558643641599434,0.3627452058464071,0.23166835773759847,0.4,0.4,0.2,"[0.4, 0.4, 0.2]",0.13333333333333333,segregation_afternoon,0.13333333333333333
0,13944,0.4619905147210493,0.310311613922415,0.2276978713565357,0.5,0.3,0.2,"[0.5, 0.3, 0.2]",0.19999999999999998,segregation_afternoon,0.19999999999999998
1,13946,0.5183352178763624,0.4269464133402823,0.05471836878335535,0.5,0.4,0.1,"[0.5, 0.4, 0.1]",0.26666666666666666,segregation_afternoon,0.26666666666666666
1,13947,0.5996394593309669,0.35298111250735725,0.047379428161676014,0.6,0.4,0.0,"[0.6, 0.4, 0.0]",0.39999999999999997,segregation_afternoon,0.39999999999999997
1,13948,0.6871341528979945,0.21103019125380917,0.10183565584819639,0.7,0.2,0.1,"[0.7, 0.2, 0.1]",0.39999999999999997,segregation_afternoon,0.39999999999999997
0,14099,0.24978675256995297,0.24490035023495751,0.5053128971950894,0.2,0.2,0.5,"[0.2, 0.2, 0.5]",0.22222222222222224,segregation_afternoon,0.22222222222222224
0,14103,0.6025874851499591,0.17516709424162677,0.22224542060841412,0.6,0.2,0.2,"[0.6, 0.2, 0.2]",0.26666666666666666,segregation_afternoon,0.26666666666666666
0,14104,0.663989959948321,0.2244960641065235,0.11151397594515548,0.7,0.2,0.1,"[0.7, 0.2, 0.1]",0.39999999999999997,segregation_afternoon,0.39999999999999997
0,14106,0.34082666688096913,0.2787283018575735,0.38044503126145734,0.3,0.3,0.4,"[0.3, 0.3, 0.4]",0.0666666666666667,segregation_afternoon,0.0666666666666667
0,14107,0.2768770396789541,0.26542822937629146,0.4576947309447544,0.3,0.3,0.5,"[0.3, 0.3, 0.5]",0.12121212121212122,segregation_afternoon,0.12121212121212122
1,14108,0.565547141557257,0.31409442688535094,0.120358431557392,0.6,0.3,0.1,"[0.6, 0.3, 0.1]",0.3333333333333333,segregation_afternoon,0.3333333333333333
1,14109,0.45463687177451056,0.3530467311305001,0.19231639709498927,0.5,0.4,0.2,"[0.5, 0.4, 0.2]",0.1818181818181818,segregation_afternoon,0.1818181818181818
1,14111,0.3203613429642106,0.3725184138569442,0.3071202431788452,0.3,0.4,0.3,"[0.3, 0.4, 0.3]",0.0666666666666667,segregation_afternoon,0.0666666666666667
0,14112,0.3262219550888201,0.3683345947571941,0.30544345015398583,0.3,0.4,0.3,"[0.3, 0.4, 0.3]",0.0666666666666667,segregation_afternoon,0.0666666666666667
0,14114,0.4155753222565372,0.37499964011080983,0.20942503763265294,0.4,0.4,0.2,"[0.4, 0.4, 0.2]",0.13333333333333333,segregation_afternoon,0.13333333333333333
0,14115,0.35900700799875335,0.2937608353010687,0.34723215670017793,0.4,0.3,0.3,"[0.4, 0.3, 0.3]",0.0666666666666667,segregation_afternoon,0.0666666666666667
1,14116,0.4262224756644806,0.4004830773417138,0.17329444699380556,0.4,0.4,0.2,"[0.4, 0.4, 0.2]",0.13333333333333333,segregation_afternoon,0.13333333333333333
1,14117,0.45807687057364754,0.3945969719744385,0.1473261574519139,0.5,0.4,0.1,"[0.5, 0.4, 0.1]",0.26666666666666666,segregation_afternoon,0.26666666666666666
0,14121,0.7623691762288933,0.17887823570545894,0.0587525880656477,0.8,0.2,0.1,"[0.8, 0.2, 0.1]",0.4242424242424243,segregation_afternoon,0.4242424242424243
0,14124,0.39681802127815485,0.32669534815535306,0.27648663056649214,0.4,0.3,0.3,"[0.4, 0.3, 0.3]",0.0666666666666667,segregation_afternoon,0.0666666666666667
0,14270,0.3552857741781989,0.2682339829582998,0.37648024286350135,0.4,0.3,0.4,"[0.4, 0.3, 0.4]",0.06060606060606062,segregation_afternoon,0.06060606060606062
0,14275,0.6370047896589592,0.2618234822121462,0.10117172812889459,0.6,0.3,0.1,"[0.6, 0.3, 0.1]",0.3333333333333333,segregation_afternoon,0.3333333333333333
0,14276,0.6900862277160806,0.17955109920708173,0.13036267307683758,0.7,0.2,0.1,"[0.7, 0.2, 0.1]",0.39999999999999997,segregation_afternoon,0.39999999999999997
1,14277,0.6234778146964404,0.20364467855455476,0.1728775067490048,0.6,0.2,0.2,"[0.6, 0.2, 0.2]",0.26666666666666666,segregation_afternoon,0.26666666666666666
1,14278,0.4703590237182879,0.2423431760891949,0.28729780019251716,0.5,0.2,0.3,"[0.5, 0.2, 0.3]",0.19999999999999998,segregation_afternoon,0.19999999999999998
1,14279,0.3818541809069681,0.3089302458976132,0.30921557319541865,0.4,0.3,0.3,"[0.4, 0.3, 0.3]",0.0666666666666667,segregation_afternoon,0.0666666666666667
1,14280,0.3414926999482233,0.38804813425152046,0.27045916580025625,0.3,0.4,0.3,"[0.3, 0.4, 0.3]",0.0666666666666667,segregation_afternoon,0.0666666666666667
1,14281,0.2659917877426203,0.39809964445002916,0.3359085678073506,0.3,0.4,0.3,"[0.3, 0.4, 0.3]",0.0666666666666667,segregation_afternoon,0.0666666666666667
1,14282,0.269139813055327,0.3778562517355938,0.35300393520907924,0.3,0.4,0.4,"[0.3, 0.4, 0.4]",0.06060606060606062,segregation_afternoon,0.06060606060606062
1,14283,0.24831110629369388,0.31888105766114955,0.4328078360451565,0.2,0.3,0.4,"[0.2, 0.3, 0.4]",0.14814814814814817,segregation_afternoon,0.14814814814814817
1,14284,0.2736799026209364,0.48048702975213864,0.24583306762692483,0.3,0.5,0.2,"[0.3, 0.5, 0.2]",0.19999999999999998,segregation_afternoon,0.19999999999999998
1,14285,0.27903365122760004,0.5037879639207445,0.21717838485165544,0.3,0.5,0.2,"[0.3, 0.5, 0.2]",0.19999999999999998,segregation_afternoon,0.19999999999999998
2,14286,0.2878113256807034,0.4779778565595517,0.2342108177597451,0.3,0.5,0.2,"[0.3, 0.5, 0.2]",0.19999999999999998,segregation_afternoon,0.19999999999999998
1,14287,0.3062250140800979,0.3952936535037837,0.2984813324161183,0.3,0.4,0.3,"[0.3, 0.4, 0.3]",0.0666666666666667,segregation_afternoon,0.0666666666666667
1,14288,0.5006538340543762,0.3755448945774777,0.12380127136814605,0.5,0.4,0.1,"[0.5, 0.4, 0.1]",0.26666666666666666,segregation_afternoon,0.26666666666666666
1,14289,0.5281656449637429,0.2986177924620751,0.17321656257418197,0.5,0.3,0.2,"[0.5, 0.3, 0.2]",0.19999999999999998,segregation_afternoon,0.19999999999999998
0,14447,0.6694996980465653,0.19491607779555462,0.13558422415788007,0.7,0.2,0.1,"[0.7, 0.2, 0.1]",0.39999999999999997,segregation_afternoon,0.39999999999999997
0,14448,0.6077298716290744,0.2910584958120226,0.101211632558903,0.6,0.3,0.1,"[0.6, 0.3, 0.1]",0.3333333333333333,segregation_afternoon,0.3333333333333333
1,14449,0.5483046072361679,0.2713808403392584,0.18031455242457373,0.5,0.3,0.2,"[0.5, 0.3, 0.2]",0.19999999999999998,segregation_afternoon,0.19999999999999998
1,14450,0.34602761548206723,0.43346359290063274,0.22050879161729994,0.3,0.4,0.2,"[0.3, 0.4, 0.2]",0.14814814814814817,segregation_afternoon,0.14814814814814817
1,14451,0.214276441431576,0.3960628301648408,0.38966072840358323,0.2,0.4,0.4,"[0.2, 0.4, 0.4]",0.13333333333333333,segregation_afternoon,0.13333333333333333
2,14452,0.24964351729526665,0.3842752128182729,0.3660812698864604,0.2,0.4,0.4,"[0.2, 0.4, 0.4]",0.13333333333333333,segregation_afternoon,0.13333333333333333
2,14453,0.25135895998089275,0.4110870251980535,0.33755401482105385,0.3,0.4,0.3,"[0.3, 0.4, 0.3]",0.0666666666666667,segregation_afternoon,0.0666666666666667
2,14454,0.2119217852521371,0.3868810187769761,0.40119719597088677,0.2,0.4,0.4,"[0.2, 0.4, 0.4]",0.13333333333333333,segregation_afternoon,0.13333333333333333
1,14455,0.1959951575238996,0.40747158702337755,0.39653325545272283,0.2,0.4,0.4,"[0.2, 0.4, 0.4]",0.13333333333333333,segregation_afternoon,0.13333333333333333
1,14456,0.2333035134629048,0.5022193854985749,0.2644771010385202,0.2,0.5,0.3,"[0.2, 0.5, 0.3]",0.19999999999999998,segregation_afternoon,0.19999999999999998
1,14457,0.30059897029992005,0.4136397394426645,0.2857612902574154,0.3,0.4,0.3,"[0.3, 0.4, 0.3]",0.0666666666666667,segregation_afternoon,0.0666666666666667
1,14458,0.40091411199840954,0.44376531661990015,0.15532057138169034,0.4,0.4,0.2,"[0.4, 0.4, 0.2]",0.13333333333333333,segregation_afternoon,0.13333333333333333
1,14459,0.5671575313049274,0.29216547957293076,0.14067698912214172,0.6,0.3,0.1,"[0.6, 0.3, 0.1]",0.3333333333333333,segregation_afternoon,0.3333333333333333
1,14460,0.5563538479721876,0.3571317856897608,0.08651436633805151,0.6,0.4,0.1,"[0.6, 0.4, 0.1]",0.303030303030303,segregation_afternoon,0.303030303030303
0,14463,0.5151910696227241,0.41871969252745517,0.06608923784982086,0.5,0.4,0.1,"[0.5, 0.4, 0.1]",0.26666666666666666,segregation_afternoon,0.26666666666666666
0,14464,0.40160977854887137,0.3101953960794013,0.28819482537172736,0.4,0.3,0.3,"[0.4, 0.3, 0.3]",0.0666666666666667,segregation_afternoon,0.0666666666666667
0,14616,0.6713364093517733,0.23612573230556816,0.09253785834265854,0.7,0.2,0.1,"[0.7, 0.2, 0.1]",0.39999999999999997,segregation_afternoon,0.39999999999999997
0,14618,0.6065028555148524,0.24729423896219863,0.14620290552294904,0.6,0.2,0.1,"[0.6, 0.2, 0.1]",0.37037037037037035,segregation_afternoon,0.37037037037037035
1,14620,0.5188426337975103,0.2117155938603253,0.26944177234216427,0.5,0.2,0.3,"[0.5, 0.2, 0.3]",0.19999999999999998,segregation_afternoon,0.19999999999999998
1,14621,0.3227339254207009,0.2954488630359341,0.38181721154336506,0.3,0.3,0.4,"[0.3, 0.3, 0.4]",0.0666666666666667,segregation_afternoon,0.0666666666666667
1,14622,0.2941078167148509,0.4760542046951185,0.22983797859003058,0.3,0.5,0.2,"[0.3, 0.5, 0.2]",0.19999999999999998,segregation_afternoon,0.19999999999999998
1,14623,0.23093123749054092,0.469329812873809,0.29973894963564995,0.2,0.5,0.3,"[0.2, 0.5, 0.3]",0.19999999999999998,segregation_afternoon,0.19999999999999998
2,14624,0.162412612864225,0.3347606115141653,0.5028267756216097,0.2,0.3,0.5,"[0.2, 0.3, 0.5]",0.19999999999999998,segregation_afternoon,0.19999999999999998
2,14625,0.16103753550424635,0.3257963446915093,0.5131661198042444,0.2,0.3,0.5,"[0.2, 0.3, 0.5]",0.19999999999999998,segregation_afternoon,0.19999999999999998
2,14626,0.14293739814215303,0.34603838110692564,0.5110242207509215,0.1,0.3,0.5,"[0.1, 0.3, 0.5]",0.29629629629629634,segregation_afternoon,0.29629629629629634
2,14627,0.20388184932490222,0.38952534655298077,0.40659280412211707,0.2,0.4,0.4,"[0.2, 0.4, 0.4]",0.13333333333333333,segregation_afternoon,0.13333333333333333
1,14628,0.2498912857013328,0.42305534065798656,0.32705337364068054,0.2,0.4,0.3,"[0.2, 0.4, 0.3]",0.14814814814814814,segregation_afternoon,0.14814814814814814
1,14629,0.2909667012034418,0.4673402076308364,0.24169309116572188,0.3,0.5,0.2,"[0.3, 0.5, 0.2]",0.19999999999999998,segregation_afternoon,0.19999999999999998
1,14630,0.41317654746324595,0.4043965886806203,0.1824268638561339,0.4,0.4,0.2,"[0.4, 0.4, 0.2]",0.13333333333333333,segregation_afternoon,0.13333333333333333
1,14631,0.632600785363349,0.30496148529574946,0.06243772934090155,0.6,0.3,0.1,"[0.6, 0.3, 0.1]",0.3333333333333333,segregation_afternoon,0.3333333333333333
0,14634,0.5386615775715804,0.35794908940972336,0.10338933301869617,0.5,0.4,0.1,"[0.5, 0.4, 0.1]",0.26666666666666666,segregation_afternoon,0.26666666666666666
0,14782,0.6077683567902256,0.16045521737493754,0.2317764258348368,0.6,0.2,0.2,"[0.6, 0.2, 0.2]",0.26666666666666666,segregation_afternoon,0.26666666666666666
0,14783,0.7083679611925989,0.2407900519930753,0.050841986814325855,0.7,0.2,0.1,"[0.7, 0.2, 0.1]",0.39999999999999997,segregation_afternoon,0.39999999999999997
0,14785,0.6430270238815218,0.3260008573707828,0.03097211874769544,0.6,0.3,0.0,"[0.6, 0.3, 0.0]",0.4444444444444445,segregation_afternoon,0.4444444444444445
1,14788,0.6363276089506017,0.18054247983822225,0.18312991121117608,0.6,0.2,0.2,"[0.6, 0.2, 0.2]",0.26666666666666666,segregation_afternoon,0.26666666666666666
1,14789,0.6547587605581954,0.22647064843965475,0.11877059100214994,0.7,0.2,0.1,"[0.7, 0.2, 0.1]",0.39999999999999997,segregation_afternoon,0.39999999999999997
1,14790,0.4595190401259872,0.20442963349753504,0.3360513263764777,0.5,0.2,0.3,"[0.5, 0.2, 0.3]",0.19999999999999998,segregation_afternoon,0.19999999999999998
1,14791,0.3859305584011624,0.2674885748144381,0.3465808667843995,0.4,0.3,0.3,"[0.4, 0.3, 0.3]",0.0666666666666667,segregation_afternoon,0.0666666666666667
1,14792,0.2850764946171004,0.33996730973676287,0.37495619564613675,0.3,0.3,0.4,"[0.3, 0.3, 0.4]",0.0666666666666667,segregation_afternoon,0.0666666666666667
1,14793,0.1811930384368709,0.2836255308539835,0.5351814307091455,0.2,0.3,0.5,"[0.2, 0.3, 0.5]",0.19999999999999998,segregation_afternoon,0.19999999999999998
2,14794,0.14016705403459018,0.33807410200517735,0.5217588439602324,0.1,0.3,0.5,"[0.1, 0.3, 0.5]",0.29629629629629634,segregation_afternoon,0.29629629629629634
2,14795,0.1174505787500087,0.2972334878610078,0.5853159333889836,0.1,0.3,0.6,"[0.1, 0.3, 0.6]",0.3333333333333333,segregation_afternoon,0.3333333333333333
2,14796,0.14300863364230104,0.269739993995397,0.587251372362302,0.1,0.3,0.6,"[0.1, 0.3, 0.6]",0.3333333333333333,segregation_afternoon,0.3333333333333333
2,14797,0.20852745596999994,0.3513408771388956,0.4401316668911044,0.2,0.4,0.4,"[0.2, 0.4, 0.4]",0.13333333333333333,segregation_afternoon,0.13333333333333333
2,14798,0.19992126369085828,0.36427814830524996,0.4358005880038917,0.2,0.4,0.4,"[0.2, 0.4, 0.4]",0.13333333333333333,segregation_afternoon,0.13333333333333333
2,14799,0.26976450397212853,0.43211273686257334,0.29812275916529807,0.3,0.4,0.3,"[0.3, 0.4, 0.3]",0.0666666666666667,segregation_afternoon,0.0666666666666667
1,14800,0.32728489129415406,0.46178743559952806,0.21092767310631783,0.3,0.5,0.2,"[0.3, 0.5, 0.2]",0.19999999999999998,segregation_afternoon,0.19999999999999998
1,14801,0.4347836612721657,0.399262108622305,0.16595423010552926,0.4,0.4,0.2,"[0.4, 0.4, 0.2]",0.13333333333333333,segregation_afternoon,0.13333333333333333
1,14802,0.47320863537547814,0.35587750309447963,0.17091386153004223,0.5,0.4,0.2,"[0.5, 0.4, 0.2]",0.1818181818181818,segregation_afternoon,0.1818181818181818
1,14803,0.45017606997646314,0.37906562632573815,0.17075830369779882,0.5,0.4,0.2,"[0.5, 0.4, 0.2]",0.1818181818181818,segregation_afternoon,0.1818181818181818
0,14804,0.5935716385137648,0.35251570600895776,0.053912655477277416,0.6,0.4,0.1,"[0.6, 0.4, 0.1]",0.303030303030303,segregation_afternoon,0.303030303030303
0,14953,0.7055161119913876,0.24060255692479685,0.05388133108381562,0.7,0.2,0.1,"[0.7, 0.2, 0.1]",0.39999999999999997,segregation_afternoon,0.39999999999999997
1,14960,0.7559945135926626,0.21189754473856093,0.03210794166877654,0.8,0.2,0.0,"[0.8, 0.2, 0.0]",0.5333333333333333,segregation_afternoon,0.5333333333333333
1,14961,0.5758683886799448,0.2515329084547066,0.17259870286534848,0.6,0.3,0.2,"[0.6, 0.3, 0.2]",0.24242424242424243,segregation_afternoon,0.24242424242424243
1,14962,0.4066184851571827,0.372773416710502,0.2206080981323154,0.4,0.4,0.2,"[0.4, 0.4, 0.2]",0.13333333333333333,segregation_afternoon,0.13333333333333333
1,14963,0.37137483070941313,0.3531841103896651,0.2754410589009218,0.4,0.4,0.3,"[0.4, 0.4, 0.3]",0.06060606060606062,segregation_afternoon,0.06060606060606062
1,14964,0.24269355276984741,0.39280702830794045,0.3644994189222121,0.2,0.4,0.4,"[0.2, 0.4, 0.4]",0.13333333333333333,segregation_afternoon,0.13333333333333333
2,14965,0.1719932169163836,0.38768251591474423,0.44032426716887213,0.2,0.4,0.4,"[0.2, 0.4, 0.4]",0.13333333333333333,segregation_afternoon,0.13333333333333333
2,14966,0.14262068884990797,0.332941739666341,0.524437571483751,0.1,0.3,0.5,"[0.1, 0.3, 0.5]",0.29629629629629634,segregation_afternoon,0.29629629629629634
2,14967,0.13236337223029718,0.30010224456870727,0.5675343832009956,0.1,0.3,0.6,"[0.1, 0.3, 0.6]",0.3333333333333333,segregation_afternoon,0.3333333333333333
2,14968,0.25049596714694333,0.3160948092603601,0.4334092235926967,0.3,0.3,0.4,"[0.3, 0.3, 0.4]",0.0666666666666667,segregation_afternoon,0.0666666666666667
2,14969,0.2194305618103289,0.3159245335582724,0.46464490463139874,0.2,0.3,0.5,"[0.2, 0.3, 0.5]",0.19999999999999998,segregation_afternoon,0.19999999999999998
2,14970,0.1837531655331811,0.34230607999087737,0.47394075447594153,0.2,0.3,0.5,"[0.2, 0.3, 0.5]",0.19999999999999998,segregation_afternoon,0.19999999999999998
2,14971,0.23358912171680726,0.41139664552786637,0.35501423275532634,0.2,0.4,0.4,"[0.2, 0.4, 0.4]",0.13333333333333333,segregation_afternoon,0.13333333333333333
1,14972,0.2932952289947106,0.4325654305266151,0.2741393404786743,0.3,0.4,0.3,"[0.3, 0.4, 0.3]",0.0666666666666667,segregation_afternoon,0.0666666666666667
0,14973,0.4368325111165256,0.3865565298558949,0.17661095902757948,0.4,0.4,0.2,"[0.4, 0.4, 0.2]",0.13333333333333333,segregation_afternoon,0.13333333333333333
1,14974,0.37924946039017493,0.28171217424138023,0.3390383653684449,0.4,0.3,0.3,"[0.4, 0.3, 0.3]",0.0666666666666667,segregation_afternoon,0.0666666666666667
0,14975,0.4969895178900686,0.3000860248804107,0.20292445722952063,0.5,0.3,0.2,"[0.5, 0.3, 0.2]",0.19999999999999998,segregation_afternoon,0.19999999999999998
0,15129,0.5660704716755038,0.30225750010077224,0.1316720282237238,0.6,0.3,0.1,"[0.6, 0.3, 0.1]",0.3333333333333333,segregation_afternoon,0.3333333333333333
0,15130,0.5835529199283026,0.18892338119856777,0.22752369887312962,0.6,0.2,0.2,"[0.6, 0.2, 0.2]",0.26666666666666666,segregation_afternoon,0.26666666666666666
1,15131,0.6048536886023345,0.22717997565027465,0.16796633574739084,0.6,0.2,0.2,"[0.6, 0.2, 0.2]",0.26666666666666666,segregation_afternoon,0.26666666666666666
1,15132,0.43864850038007236,0.31344966065770213,0.24790183896222556,0.4,0.3,0.2,"[0.4, 0.3, 0.2]",0.14814814814814817,segregation_afternoon,0.14814814814814817
1,15133,0.29853692307493296,0.3392829909821144,0.36218008594295265,0.3,0.3,0.4,"[0.3, 0.3, 0.4]",0.0666666666666667,segregation_afternoon,0.0666666666666667
1,15134,0.29073140548463433,0.43110193684464154,0.2781666576707241,0.3,0.4,0.3,"[0.3, 0.4, 0.3]",0.0666666666666667,segregation_afternoon,0.0666666666666667
1,15135,0.2171838516309559,0.45477918752655827,0.32803696084248585,0.2,0.5,0.3,"[0.2, 0.5, 0.3]",0.19999999999999998,segregation_afternoon,0.19999999999999998
1,15136,0.14824824887785915,0.38681098047066126,0.46494077065147965,0.1,0.4,0.5,"[0.1, 0.4, 0.5]",0.26666666666666666,segregation_afternoon,0.26666666666666666
2,15137,0.18885748903355154,0.29127564698498654,0.519866863981462,0.2,0.3,0.5,"[0.2, 0.3, 0.5]",0.19999999999999998,segregation_afternoon,0.19999999999999998
2,15138,0.16890020165367106,0.3110748596166736,0.5200249387296554,0.2,0.3,0.5,"[0.2, 0.3, 0.5]",0.19999999999999998,segregation_afternoon,0.19999999999999998
2,15139,0.11888205197175068,0.27669031325610116,0.6044276347721482,0.1,0.3,0.6,"[0.1, 0.3, 0.6]",0.3333333333333333,segregation_afternoon,0.3333333333333333
2,15140,0.12951938697545606,0.26494022870970796,0.605540384314836,0.1,0.3,0.6,"[0.1, 0.3, 0.6]",0.3333333333333333,segregation_afternoon,0.3333333333333333
2,15141,0.15032184413481736,0.33523889544867397,0.5144392604165088,0.2,0.3,0.5,"[0.2, 0.3, 0.5]",0.19999999999999998,segregation_afternoon,0.19999999999999998
1,15142,0.21626073971681137,0.416424604078519,0.36731465620466963,0.2,0.4,0.4,"[0.2, 0.4, 0.4]",0.13333333333333333,segregation_afternoon,0.13333333333333333
1,15143,0.37233900386065516,0.41237734739921983,0.21528364874012504,0.4,0.4,0.2,"[0.4, 0.4, 0.2]",0.13333333333333333,segregation_afternoon,0.13333333333333333
1,15144,0.4631577683778655,0.33060844484457946,0.20623378677755508,0.5,0.3,0.2,"[0.5, 0.3, 0.2]",0.19999999999999998,segregation_afternoon,0.19999999999999998
1,15145,0.5946354055781967,0.2739906826741991,0.13137391174760413,0.6,0.3,0.1,"[0.6, 0.3, 0.1]",0.3333333333333333,segregation_afternoon,0.3333333333333333
0,15146,0.5861692798337584,0.3086158284216879,0.1052148917445536,0.6,0.3,0.1,"[0.6, 0.3, 0.1]",0.3333333333333333,segregation_afternoon,0.3333333333333333
0,15298,0.7248445938636837,0.2231552942776516,0.052000111858664794,0.7,0.2,0.1,"[0.7, 0.2, 0.1]",0.39999999999999997,segregation_afternoon,0.39999999999999997
0,15299,0.7151810475239214,0.19455453998387248,0.09026441249220615,0.7,0.2,0.1,"[0.7, 0.2, 0.1]",0.39999999999999997,segregation_afternoon,0.39999999999999997
0,15300,0.7194103441225973,0.2498196636568977,0.030769992220505048,0.7,0.2,0.0,"[0.7, 0.2, 0.0]",0.5185185185185185,segregation_afternoon,0.5185185185185185
0,15302,0.5638725611954702,0.3112939665606649,0.12483347224386479,0.6,0.3,0.1,"[0.6, 0.3, 0.1]",0.3333333333333333,segregation_afternoon,0.3333333333333333
1,15303,0.5418253891374016,0.2886028619222418,0.1695717489403566,0.5,0.3,0.2,"[0.5, 0.3, 0.2]",0.19999999999999998,segregation_afternoon,0.19999999999999998
1,15304,0.2573632227135371,0.2928866183387896,0.44975015894767334,0.3,0.3,0.4,"[0.3, 0.3, 0.4]",0.0666666666666667,segregation_afternoon,0.0666666666666667
1,15306,0.22263047339494368,0.37609781286451666,0.40127171374053966,0.2,0.4,0.4,"[0.2, 0.4, 0.4]",0.13333333333333333,segregation_afternoon,0.13333333333333333
1,15309,0.14784873059648537,0.30558176961058414,0.5465694997929305,0.1,0.3,0.5,"[0.1, 0.3, 0.5]",0.29629629629629634,segregation_afternoon,0.29629629629629634
2,15310,0.10383023181933093,0.2962597987300671,0.599909969450602,0.1,0.3,0.6,"[0.1, 0.3, 0.6]",0.3333333333333333,segregation_afternoon,0.3333333333333333
2,15311,0.12387651023036794,0.2610585165473455,0.6150649732222865,0.1,0.3,0.6,"[0.1, 0.3, 0.6]",0.3333333333333333,segregation_afternoon,0.3333333333333333
0,15312,0.17745658189156213,0.4047836849966141,0.41775973311182385,0.2,0.4,0.4,"[0.2, 0.4, 0.4]",0.13333333333333333,segregation_afternoon,0.13333333333333333
2,15313,0.17234204044036452,0.3606283002081218,0.4670296593515136,0.2,0.4,0.5,"[0.2, 0.4, 0.5]",0.1818181818181818,segregation_afternoon,0.1818181818181818
1,15314,0.26231327492320067,0.4595642781607846,0.2781224469160147,0.3,0.5,0.3,"[0.3, 0.5, 0.3]",0.12121212121212122,segregation_afternoon,0.12121212121212122
0,15315,0.4478512391661599,0.416315437463762,0.13583332337007817,0.4,0.4,0.1,"[0.4, 0.4, 0.1]",0.22222222222222227,segregation_afternoon,0.22222222222222227
0,15316,0.3979535551583431,0.3459897569889655,0.2560566878526914,0.4,0.3,0.3,"[0.4, 0.3, 0.3]",0.0666666666666667,segregation_afternoon,0.0666666666666667
1,15317,0.46849403517475025,0.23816318696498257,0.2933427778602673,0.5,0.2,0.3,"[0.5, 0.2, 0.3]",0.19999999999999998,segregation_afternoon,0.19999999999999998
0,15468,0.5469456314014619,0.30632689703579,0.14672747156274812,0.5,0.3,0.1,"[0.5, 0.3, 0.1]",0.29629629629629634,segregation_afternoon,0.29629629629629634
0,15474,0.4002218122716598,0.33357580885054816,0.26620237887779213,0.4,0.3,0.3,"[0.4, 0.3, 0.3]",0.0666666666666667,segregation_afternoon,0.0666666666666667
1,15475,0.17861901952847056,0.26050531037641583,0.5608756700951136,0.2,0.3,0.6,"[0.2, 0.3, 0.6]",0.24242424242424238,segregation_afternoon,0.24242424242424238
1,15476,0.269323355920997,0.36243179020778216,0.3682448538712208,0.3,0.4,0.4,"[0.3, 0.4, 0.4]",0.06060606060606062,segregation_afternoon,0.06060606060606062
1,15477,0.18027206488412462,0.4488857497422698,0.3708421853736056,0.2,0.4,0.4,"[0.2, 0.4, 0.4]",0.13333333333333333,segregation_afternoon,0.13333333333333333
1,15478,0.24312451843403754,0.3962774409282869,0.36059804063767564,0.2,0.4,0.4,"[0.2, 0.4, 0.4]",0.13333333333333333,segregation_afternoon,0.13333333333333333
1,15479,0.16478902428861755,0.4090807849687461,0.42613019074263636,0.2,0.4,0.4,"[0.2, 0.4, 0.4]",0.13333333333333333,segregation_afternoon,0.13333333333333333
2,15480,0.14674007373414646,0.35806212978025714,0.49519779648559636,0.1,0.4,0.5,"[0.1, 0.4, 0.5]",0.26666666666666666,segregation_afternoon,0.26666666666666666
2,15481,0.12255299884113002,0.30387805406861257,0.5735689470902573,0.1,0.3,0.6,"[0.1, 0.3, 0.6]",0.3333333333333333,segregation_afternoon,0.3333333333333333
2,15482,0.13983754569056256,0.30189657672592646,0.558265877583511,0.1,0.3,0.6,"[0.1, 0.3, 0.6]",0.3333333333333333,segregation_afternoon,0.3333333333333333
2,15483,0.23916870883946847,0.400615851585123,0.3602154395754086,0.2,0.4,0.4,"[0.2, 0.4, 0.4]",0.13333333333333333,segregation_afternoon,0.13333333333333333
2,15484,0.28274888380371027,0.4413005905964777,0.27595052559981187,0.3,0.4,0.3,"[0.3, 0.4, 0.3]",0.0666666666666667,segregation_afternoon,0.0666666666666667
2,15485,0.3097726480424073,0.4755920420994981,0.21463530985809456,0.3,0.5,0.2,"[0.3, 0.5, 0.2]",0.19999999999999998,segregation_afternoon,0.19999999999999998
1,15486,0.48435909767140034,0.4071886081416238,0.10845229418697604,0.5,0.4,0.1,"[0.5, 0.4, 0.1]",0.26666666666666666,segregation_afternoon,0.26666666666666666
0,15489,0.6624286901713574,0.3129055758507957,0.02466573397784698,0.7,0.3,0.0,"[0.7, 0.3, 0.0]",0.4666666666666666,segregation_afternoon,0.4666666666666666
0,15643,0.2804569438801686,0.35931575838092933,0.360227297738902,0.3,0.4,0.4,"[0.3, 0.4, 0.4]",0.06060606060606062,segregation_afternoon,0.06060606060606062
1,15646,0.24273815340620727,0.26678468430611135,0.49047716228768135,0.2,0.3,0.5,"[0.2, 0.3, 0.5]",0.19999999999999998,segregation_afternoon,0.19999999999999998
1,15648,0.2111687991280218,0.37663497765974774,0.4121962232122305,0.2,0.4,0.4,"[0.2, 0.4, 0.4]",0.13333333333333333,segregation_afternoon,0.13333333333333333
2,15649,0.19828969590644466,0.3865361839689721,0.41517412012458316,0.2,0.4,0.4,"[0.2, 0.4, 0.4]",0.13333333333333333,segregation_afternoon,0.13333333333333333
1,15650,0.222311836667762,0.47714560930130834,0.3005425540309297,0.2,0.5,0.3,"[0.2, 0.5, 0.3]",0.19999999999999998,segregation_afternoon,0.19999999999999998
1,15651,0.17566446842303368,0.4184833769232565,0.4058521546537099,0.2,0.4,0.4,"[0.2, 0.4, 0.4]",0.13333333333333333,segregation_afternoon,0.13333333333333333
2,15652,0.20049860291313587,0.37198916803484205,0.4275122290520221,0.2,0.4,0.4,"[0.2, 0.4, 0.4]",0.13333333333333333,segregation_afternoon,0.13333333333333333
2,15653,0.16330327373719983,0.33251220543627036,0.5041845208265298,0.2,0.3,0.5,"[0.2, 0.3, 0.5]",0.19999999999999998,segregation_afternoon,0.19999999999999998
2,15654,0.23208660266125808,0.383622432699891,0.384290964638851,0.2,0.4,0.4,"[0.2, 0.4, 0.4]",0.13333333333333333,segregation_afternoon,0.13333333333333333
2,15655,0.2256000179296272,0.3910671358374218,0.383332846232951,0.2,0.4,0.4,"[0.2, 0.4, 0.4]",0.13333333333333333,segregation_afternoon,0.13333333333333333
2,15656,0.333100417911095,0.41947594017052187,0.24742364191838315,0.3,0.4,0.2,"[0.3, 0.4, 0.2]",0.14814814814814817,segregation_afternoon,0.14814814814814817
1,15657,0.3931484511960838,0.43837969023907974,0.16847185856483654,0.4,0.4,0.2,"[0.4, 0.4, 0.2]",0.13333333333333333,segregation_afternoon,0.13333333333333333
1,15658,0.45739289392558163,0.4114511433458807,0.13115596272853772,0.5,0.4,0.1,"[0.5, 0.4, 0.1]",0.26666666666666666,segregation_afternoon,0.26666666666666666
1,15659,0.5004667633603221,0.38868522480393314,0.11084801183574464,0.5,0.4,0.1,"[0.5, 0.4, 0.1]",0.26666666666666666,segregation_afternoon,0.26666666666666666
0,15660,0.5999129673517423,0.26935828032787923,0.13072875232037853,0.6,0.3,0.1,"[0.6, 0.3, 0.1]",0.3333333333333333,segregation_afternoon,0.3333333333333333
0,15661,0.5044364286941511,0.33783386889668765,0.1577297024091613,0.5,0.3,0.2,"[0.5, 0.3, 0.2]",0.19999999999999998,segregation_afternoon,0.19999999999999998
0,15817,0.37581469477194157,0.44929763011911866,0.1748876751089397,0.4,0.4,0.2,"[0.4, 0.4, 0.2]",0.13333333333333333,segregation_afternoon,0.13333333333333333
1,15818,0.2912697678825375,0.4445427568690514,0.2641874752484111,0.3,0.4,0.3,"[0.3, 0.4, 0.3]",0.0666666666666667,segregation_afternoon,0.0666666666666667
1,15819,0.3362866315810091,0.4589158327951906,0.20479753562380026,0.3,0.5,0.2,"[0.3, 0.5, 0.2]",0.19999999999999998,segregation_afternoon,0.19999999999999998
0,15820,0.3366801773062637,0.433971064758762,0.22934875793497436,0.3,0.4,0.2,"[0.3, 0.4, 0.2]",0.14814814814814817,segregation_afternoon,0.14814814814814817
1,15822,0.16368996277630968,0.2716075499670291,0.5647024872566612,0.2,0.3,0.6,"[0.2, 0.3, 0.6]",0.24242424242424238,segregation_afternoon,0.24242424242424238
1,15823,0.15748864124194684,0.28716768091459094,0.5553436778434623,0.2,0.3,0.6,"[0.2, 0.3, 0.6]",0.24242424242424238,segregation_afternoon,0.24242424242424238
2,15824,0.22771944234599514,0.3421184701138085,0.43016208754019625,0.2,0.3,0.4,"[0.2, 0.3, 0.4]",0.14814814814814817,segregation_afternoon,0.14814814814814817
2,15825,0.26404361265963655,0.33934540084572273,0.3966109864946407,0.3,0.3,0.4,"[0.3, 0.3, 0.4]",0.0666666666666667,segregation_afternoon,0.0666666666666667
1,15826,0.3884936471940388,0.3863910861974535,0.22511526660850775,0.4,0.4,0.2,"[0.4, 0.4, 0.2]",0.13333333333333333,segregation_afternoon,0.13333333333333333
2,15827,0.4218477784285923,0.3455523177117118,0.23259990385969598,0.4,0.3,0.2,"[0.4, 0.3, 0.2]",0.14814814814814817,segregation_afternoon,0.14814814814814817
1,15828,0.5176301494268852,0.3301360062378725,0.1522338443352424,0.5,0.3,0.2,"[0.5, 0.3, 0.2]",0.19999999999999998,segregation_afternoon,0.19999999999999998
1,15829,0.42871979809712407,0.28139675637432504,0.28988344552855083,0.4,0.3,0.3,"[0.4, 0.3, 0.3]",0.0666666666666667,segregation_afternoon,0.0666666666666667
1,15830,0.4488779010783023,0.319094986408676,0.23202711251302166,0.4,0.3,0.2,"[0.4, 0.3, 0.2]",0.14814814814814817,segregation_afternoon,0.14814814814814817
1,15831,0.5017416996629129,0.29783708221075655,0.20042121812633046,0.5,0.3,0.2,"[0.5, 0.3, 0.2]",0.19999999999999998,segregation_afternoon,0.19999999999999998
0,15981,0.536793319541873,0.21833540470880008,0.24487127574932685,0.5,0.2,0.2,"[0.5, 0.2, 0.2]",0.22222222222222224,segregation_afternoon,0.22222222222222224
1,15988,0.5369310214538834,0.3330038999297053,0.13006507861641134,0.5,0.3,0.1,"[0.5, 0.3, 0.1]",0.29629629629629634,segregation_afternoon,0.29629629629629634
1,15989,0.36328887265355636,0.3902935687869698,0.24641755855947384,0.4,0.4,0.2,"[0.4, 0.4, 0.2]",0.13333333333333333,segregation_afternoon,0.13333333333333333
1,15990,0.4270260993497464,0.39696856035450734,0.17600534029574633,0.4,0.4,0.2,"[0.4, 0.4, 0.2]",0.13333333333333333,segregation_afternoon,0.13333333333333333
1,15991,0.42766983396065983,0.45526544875728464,0.11706471728205563,0.4,0.5,0.1,"[0.4, 0.5, 0.1]",0.26666666666666666,segregation_afternoon,0.26666666666666666
1,15993,0.26301025547037193,0.45131192659192015,0.28567781793770797,0.3,0.5,0.3,"[0.3, 0.5, 0.3]",0.12121212121212122,segregation_afternoon,0.12121212121212122
2,15994,0.22434309809948483,0.40950488436722227,0.36615201753329296,0.2,0.4,0.4,"[0.2, 0.4, 0.4]",0.13333333333333333,segregation_afternoon,0.13333333333333333
2,15995,0.21982279620288145,0.3178286803767432,0.4623485234203753,0.2,0.3,0.5,"[0.2, 0.3, 0.5]",0.19999999999999998,segregation_afternoon,0.19999999999999998
1,15996,0.3270533360338993,0.4038734924816265,0.2690731714844742,0.3,0.4,0.3,"[0.3, 0.4, 0.3]",0.0666666666666667,segregation_afternoon,0.0666666666666667
1,15997,0.3178393814651791,0.343163417883688,0.3389972006511329,0.3,0.3,0.3,"[0.3, 0.3, 0.3]",0.0,segregation_afternoon,0.0
1,15998,0.5325178782511077,0.3283690879867756,0.13911303376211676,0.5,0.3,0.1,"[0.5, 0.3, 0.1]",0.29629629629629634,segregation_afternoon,0.29629629629629634
1,15999,0.4174297698134606,0.29831193328604266,0.2842582969004968,0.4,0.3,0.3,"[0.4, 0.3, 0.3]",0.0666666666666667,segregation_afternoon,0.0666666666666667
1,16000,0.5161391423302127,0.34726623597880124,0.1365946216909861,0.5,0.3,0.1,"[0.5, 0.3, 0.1]",0.29629629629629634,segregation_afternoon,0.29629629629629634
1,16001,0.49284096653938575,0.29105920591890927,0.21609982754170504,0.5,0.3,0.2,"[0.5, 0.3, 0.2]",0.19999999999999998,segregation_afternoon,0.19999999999999998
1,16002,0.5968526514506333,0.2601100178020508,0.14303733074731595,0.6,0.3,0.1,"[0.6, 0.3, 0.1]",0.3333333333333333,segregation_afternoon,0.3333333333333333
1,16157,0.4224841503104002,0.27081293541247525,0.3067029142771246,0.4,0.3,0.3,"[0.4, 0.3, 0.3]",0.0666666666666667,segregation_afternoon,0.0666666666666667
0,16158,0.5842753562286932,0.23956432188700275,0.1761603218843042,0.6,0.2,0.2,"[0.6, 0.2, 0.2]",0.26666666666666666,segregation_afternoon,0.26666666666666666
1,16159,0.5589805151086492,0.23558838645013186,0.2054310984412189,0.6,0.2,0.2,"[0.6, 0.2, 0.2]",0.26666666666666666,segregation_afternoon,0.26666666666666666
1,16160,0.5047290882256598,0.3307052028536609,0.16456570892067932,0.5,0.3,0.2,"[0.5, 0.3, 0.2]",0.19999999999999998,segregation_afternoon,0.19999999999999998
1,16164,0.3234267720898917,0.4544636568581112,0.2221095710519972,0.3,0.5,0.2,"[0.3, 0.5, 0.2]",0.19999999999999998,segregation_afternoon,0.19999999999999998
1,16165,0.3038063707395032,0.4130692089666403,0.28312442029385637,0.3,0.4,0.3,"[0.3, 0.4, 0.3]",0.0666666666666667,segregation_afternoon,0.0666666666666667
1,16166,0.32069806806917256,0.3738618067508579,0.3054401251799696,0.3,0.4,0.3,"[0.3, 0.4, 0.3]",0.0666666666666667,segregation_afternoon,0.0666666666666667
1,16167,0.5379004983810212,0.3688161368709506,0.09328336474802829,0.5,0.4,0.1,"[0.5, 0.4, 0.1]",0.26666666666666666,segregation_afternoon,0.26666666666666666
0,16168,0.5262305569540294,0.2907756717133133,0.1829937713326574,0.5,0.3,0.2,"[0.5, 0.3, 0.2]",0.19999999999999998,segregation_afternoon,0.19999999999999998
1,16169,0.5491460002996784,0.29290394485067256,0.157950054849649,0.5,0.3,0.2,"[0.5, 0.3, 0.2]",0.19999999999999998,segregation_afternoon,0.19999999999999998
1,16170,0.5236016329719698,0.3114710713663814,0.16492729566164882,0.5,0.3,0.2,"[0.5, 0.3, 0.2]",0.19999999999999998,segregation_afternoon,0.19999999999999998
0,16172,0.481422158142435,0.28326516007752833,0.2353126817800366,0.5,0.3,0.2,"[0.5, 0.3, 0.2]",0.19999999999999998,segregation_afternoon,0.19999999999999998
0,16325,0.6901219827931434,0.24055220742742514,0.06932580977943154,0.7,0.2,0.1,"[0.7, 0.2, 0.1]",0.39999999999999997,segregation_afternoon,0.39999999999999997
0,16328,0.5129750086702589,0.4203966298502955,0.06662836147944567,0.5,0.4,0.1,"[0.5, 0.4, 0.1]",0.26666666666666666,segregation_afternoon,0.26666666666666666
1,16329,0.546037564176963,0.20859645155244777,0.2453659842705893,0.5,0.2,0.2,"[0.5, 0.2, 0.2]",0.22222222222222224,segregation_afternoon,0.22222222222222224
0,16330,0.7132216821777728,0.1781648501569176,0.10861346766530966,0.7,0.2,0.1,"[0.7, 0.2, 0.1]",0.39999999999999997,segregation_afternoon,0.39999999999999997
0,16331,0.6808333260611756,0.2562039185787982,0.06296275536002614,0.7,0.3,0.1,"[0.7, 0.3, 0.1]",0.3636363636363636,segregation_afternoon,0.3636363636363636
0,16333,0.6880964196176853,0.24902047235258348,0.06288310802973122,0.7,0.2,0.1,"[0.7, 0.2, 0.1]",0.39999999999999997,segregation_afternoon,0.39999999999999997
1,16334,0.47047995185427616,0.3520877108930536,0.17743233725267019,0.5,0.4,0.2,"[0.5, 0.4, 0.2]",0.1818181818181818,segregation_afternoon,0.1818181818181818
1,16335,0.4699749969415024,0.3943032646403451,0.13572173841815247,0.5,0.4,0.1,"[0.5, 0.4, 0.1]",0.26666666666666666,segregation_afternoon,0.26666666666666666
1,16336,0.402745427737552,0.44443836763183014,0.1528162046306179,0.4,0.4,0.2,"[0.4, 0.4, 0.2]",0.13333333333333333,segregation_afternoon,0.13333333333333333
1,16337,0.39336694351748824,0.32756680629334106,0.2790662501891706,0.4,0.3,0.3,"[0.4, 0.3, 0.3]",0.0666666666666667,segregation_afternoon,0.0666666666666667
0,16339,0.6091142437821208,0.2999771963028608,0.09090855991501845,0.6,0.3,0.1,"[0.6, 0.3, 0.1]",0.3333333333333333,segregation_afternoon,0.3333333333333333
1,16341,0.4411566792256746,0.34296039876492457,0.2158829220094008,0.4,0.3,0.2,"[0.4, 0.3, 0.2]",0.14814814814814817,segregation_afternoon,0.14814814814814817
0,16342,0.4101027238962407,0.29465472530934644,0.29524255079441286,0.4,0.3,0.3,"[0.4, 0.3, 0.3]",0.0666666666666667,segregation_afternoon,0.0666666666666667
1,16343,0.38267140571145225,0.2550877145580838,0.3622408797304641,0.4,0.3,0.4,"[0.4, 0.3, 0.4]",0.06060606060606062,segregation_afternoon,0.06060606060606062
0,16344,0.4696653755081922,0.2613167186682365,0.26901790582357116,0.5,0.3,0.3,"[0.5, 0.3, 0.3]",0.12121212121212122,segregation_afternoon,0.12121212121212122
0,16497,0.6557285831929529,0.263220135595025,0.08105128121202215,0.7,0.3,0.1,"[0.7, 0.3, 0.1]",0.3636363636363636,segregation_afternoon,0.3636363636363636
0,16498,0.6735718445365276,0.2457210373942781,0.08070711806919427,0.7,0.2,0.1,"[0.7, 0.2, 0.1]",0.39999999999999997,segregation_afternoon,0.39999999999999997
0,16499,0.5664700854060675,0.29089323524589067,0.1426366793480418,0.6,0.3,0.1,"[0.6, 0.3, 0.1]",0.3333333333333333,segregation_afternoon,0.3333333333333333
0,16502,0.3956779655054984,0.3773422951447649,0.22697973934973675,0.4,0.4,0.2,"[0.4, 0.4, 0.2]",0.13333333333333333,segregation_afternoon,0.13333333333333333
1,16503,0.6499407362828262,0.259543926794305,0.09051533692286874,0.6,0.3,0.1,"[0.6, 0.3, 0.1]",0.3333333333333333,segregation_afternoon,0.3333333333333333
1,16505,0.4471017393191364,0.34924638427001403,0.20365187641084959,0.4,0.3,0.2,"[0.4, 0.3, 0.2]",0.14814814814814817,segregation_afternoon,0.14814814814814817
0,16506,0.42814244139380353,0.45288470374617246,0.11897285486002407,0.4,0.5,0.1,"[0.4, 0.5, 0.1]",0.26666666666666666,segregation_afternoon,0.26666666666666666
1,16507,0.45619485512669206,0.4786263998690243,0.06517874500428374,0.5,0.5,0.1,"[0.5, 0.5, 0.1]",0.24242424242424243,segregation_afternoon,0.24242424242424243
1,16508,0.49895039219443904,0.35753409613302445,0.1435155116725365,0.5,0.4,0.1,"[0.5, 0.4, 0.1]",0.26666666666666666,segregation_afternoon,0.26666666666666666
0,16510,0.6373513581270438,0.2131426914061621,0.14950595046679407,0.6,0.2,0.1,"[0.6, 0.2, 0.1]",0.37037037037037035,segregation_afternoon,0.37037037037037035
1,16512,0.5764520058604351,0.26782548480759566,0.15572250933196935,0.6,0.3,0.2,"[0.6, 0.3, 0.2]",0.24242424242424243,segregation_afternoon,0.24242424242424243
1,16514,0.39149725097898197,0.24293130816643677,0.3655714408545814,0.4,0.2,0.4,"[0.4, 0.2, 0.4]",0.13333333333333333,segregation_afternoon,0.13333333333333333
0,16515,0.5116037901712217,0.3111351642920147,0.17726104553676353,0.5,0.3,0.2,"[0.5, 0.3, 0.2]",0.19999999999999998,segregation_afternoon,0.19999999999999998
0,16665,0.5765490719228333,0.3084499044990945,0.11500102357807204,0.6,0.3,0.1,"[0.6, 0.3, 0.1]",0.3333333333333333,segregation_afternoon,0.3333333333333333
0,16675,0.6205318638179572,0.34306401104942297,0.036404125132619855,0.6,0.3,0.0,"[0.6, 0.3, 0.0]",0.4444444444444445,segregation_afternoon,0.4444444444444445
1,16676,0.4903107813700197,0.39529065849742595,0.11439856013255438,0.5,0.4,0.1,"[0.5, 0.4, 0.1]",0.26666666666666666,segregation_afternoon,0.26666666666666666
1,16677,0.4322738316630014,0.32168729938320445,0.24603886895379418,0.4,0.3,0.2,"[0.4, 0.3, 0.2]",0.14814814814814817,segregation_afternoon,0.14814814814814817
0,16680,0.5549494006939248,0.3943093578721186,0.0507412414339566,0.6,0.4,0.1,"[0.6, 0.4, 0.1]",0.303030303030303,segregation_afternoon,0.303030303030303
0,16681,0.5866660541512767,0.3270916181360682,0.08624232771265523,0.6,0.3,0.1,"[0.6, 0.3, 0.1]",0.3333333333333333,segregation_afternoon,0.3333333333333333
1,16683,0.5793137370501966,0.3111789851967411,0.10950727775306233,0.6,0.3,0.1,"[0.6, 0.3, 0.1]",0.3333333333333333,segregation_afternoon,0.3333333333333333
1,16685,0.5397706397530815,0.20622476213846255,0.25400459810845605,0.5,0.2,0.3,"[0.5, 0.2, 0.3]",0.19999999999999998,segregation_afternoon,0.19999999999999998
1,16686,0.4784258068357736,0.258052180309494,0.26352201285473237,0.5,0.3,0.3,"[0.5, 0.3, 0.3]",0.12121212121212122,segregation_afternoon,0.12121212121212122
0,16687,0.5034282751704813,0.23187333044439465,0.2646983943851241,0.5,0.2,0.3,"[0.5, 0.2, 0.3]",0.19999999999999998,segregation_afternoon,0.19999999999999998
0,16840,0.6486740171781231,0.2902829063689403,0.06104307645293666,0.6,0.3,0.1,"[0.6, 0.3, 0.1]",0.3333333333333333,segregation_afternoon,0.3333333333333333
0,16847,0.6202886527787124,0.2570441390435955,0.12266720817769218,0.6,0.3,0.1,"[0.6, 0.3, 0.1]",0.3333333333333333,segregation_afternoon,0.3333333333333333
1,16850,0.5985763347641743,0.3470240647635985,0.05439960047222719,0.6,0.3,0.1,"[0.6, 0.3, 0.1]",0.3333333333333333,segregation_afternoon,0.3333333333333333
1,16851,0.6643722733687865,0.26400025389838494,0.07162747273282866,0.7,0.3,0.1,"[0.7, 0.3, 0.1]",0.3636363636363636,segregation_afternoon,0.3636363636363636
0,16853,0.5997693602161419,0.400230639783858,0.0,0.6,0.4,0.0,"[0.6, 0.4, 0.0]",0.39999999999999997,segregation_afternoon,0.39999999999999997
1,16854,0.5422667041161376,0.26144591928971134,0.19628737659415102,0.5,0.3,0.2,"[0.5, 0.3, 0.2]",0.19999999999999998,segregation_afternoon,0.19999999999999998
0,16857,0.6410910230712945,0.21902681683630057,0.139882160092405,0.6,0.2,0.1,"[0.6, 0.2, 0.1]",0.37037037037037035,segregation_afternoon,0.37037037037037035
0,17011,0.6274230035691093,0.1616989118520846,0.21087808457880625,0.6,0.2,0.2,"[0.6, 0.2, 0.2]",0.26666666666666666,segregation_afternoon,0.26666666666666666
0,17012,0.8130464907740795,0.1594572792007732,0.027496230025147218,0.8,0.2,0.0,"[0.8, 0.2, 0.0]",0.5333333333333333,segregation_afternoon,0.5333333333333333
0,17013,0.7546245107874542,0.22738917810367715,0.01798631110886868,0.8,0.2,0.0,"[0.8, 0.2, 0.0]",0.5333333333333333,segregation_afternoon,0.5333333333333333
1,17018,0.7247160208913334,0.24015265707298583,0.03513132203568084,0.7,0.2,0.0,"[0.7, 0.2, 0.0]",0.5185185185185185,segregation_afternoon,0.5185185185185185
0,17021,0.7298386660603831,0.17954596796149108,0.09061536597812583,0.7,0.2,0.1,"[0.7, 0.2, 0.1]",0.39999999999999997,segregation_afternoon,0.39999999999999997
0,17023,0.7270799085909776,0.24106671063999052,0.031853380769032026,0.7,0.2,0.0,"[0.7, 0.2, 0.0]",0.5185185185185185,segregation_afternoon,0.5185185185185185
0,17024,0.47048906719015376,0.3278478500740229,0.20166308273582337,0.5,0.3,0.2,"[0.5, 0.3, 0.2]",0.19999999999999998,segregation_afternoon,0.19999999999999998
1,17026,0.6710321806537282,0.21951513431817954,0.10945268502809229,0.7,0.2,0.1,"[0.7, 0.2, 0.1]",0.39999999999999997,segregation_afternoon,0.39999999999999997
0,17183,0.8380190733327797,0.10747386648694526,0.05450706018027485,0.8,0.1,0.1,"[0.8, 0.1, 0.1]",0.46666666666666673,segregation_afternoon,0.46666666666666673
0,17185,0.7040534988563225,0.2691689041942999,0.02677759694937752,0.7,0.3,0.0,"[0.7, 0.3, 0.0]",0.4666666666666666,segregation_afternoon,0.4666666666666666
1,17188,0.7049804638890106,0.20530622185864783,0.08971331425234153,0.7,0.2,0.1,"[0.7, 0.2, 0.1]",0.39999999999999997,segregation_afternoon,0.39999999999999997
0,17191,0.6728835390632038,0.21940548675610036,0.10771097418069596,0.7,0.2,0.1,"[0.7, 0.2, 0.1]",0.39999999999999997,segregation_afternoon,0.39999999999999997
0,17194,0.4792719812054706,0.26823125414426735,0.2524967646502621,0.5,0.3,0.3,"[0.5, 0.3, 0.3]",0.12121212121212122,segregation_afternoon,0.12121212121212122
1,17196,0.5041460600095856,0.2788267621721303,0.21702717781828415,0.5,0.3,0.2,"[0.5, 0.3, 0.2]",0.19999999999999998,segregation_afternoon,0.19999999999999998
0,17199,0.7969645835487825,0.1289287454074882,0.07410667104372926,0.8,0.1,0.1,"[0.8, 0.1, 0.1]",0.46666666666666673,segregation_afternoon,0.46666666666666673
0,17359,0.46141830870573414,0.40980629504888805,0.12877539624537793,0.5,0.4,0.1,"[0.5, 0.4, 0.1]",0.26666666666666666,segregation_afternoon,0.26666666666666666
0,17360,0.5018041654556878,0.22887341004212558,0.26932242450218663,0.5,0.2,0.3,"[0.5, 0.2, 0.3]",0.19999999999999998,segregation_afternoon,0.19999999999999998
0,17363,0.6811409457656142,0.22759150407615492,0.09126755015823089,0.7,0.2,0.1,"[0.7, 0.2, 0.1]",0.39999999999999997,segregation_afternoon,0.39999999999999997
0,17366,0.5850939563619828,0.26150458431263246,0.1534014593253848,0.6,0.3,0.2,"[0.6, 0.3, 0.2]",0.24242424242424243,segregation_afternoon,0.24242424242424243
0,17367,0.43534042145461027,0.4230205255866395,0.14163905295875018,0.4,0.4,0.1,"[0.4, 0.4, 0.1]",0.22222222222222227,segregation_afternoon,0.22222222222222227
0,17368,0.565871847791499,0.33434401225342103,0.09978413995508,0.6,0.3,0.1,"[0.6, 0.3, 0.1]",0.3333333333333333,segregation_afternoon,0.3333333333333333
0,17700,0.5069534296729521,0.2538500191390675,0.23919655118798047,0.5,0.3,0.2,"[0.5, 0.3, 0.2]",0.19999999999999998,segregation_afternoon,0.19999999999999998
0,17702,0.7615751568546012,0.19130036434041162,0.047124478804987144,0.8,0.2,0.0,"[0.8, 0.2, 0.0]",0.5333333333333333,segregation_afternoon,0.5333333333333333
0,17705,0.3556428673245391,0.21772471196212126,0.42663242071333957,0.4,0.2,0.4,"[0.4, 0.2, 0.4]",0.13333333333333333,segregation_afternoon,0.13333333333333333
0,18044,0.7464571598704188,0.2535428401295811,0.0,0.7,0.3,0.0,"[0.7, 0.3, 0.0]",0.4666666666666666,segregation_afternoon,0.4666666666666666
